{"cameraMode":{"drawMode":0,"name":"Shaded","section":"Shading Mode"},"sceneLighting":true,"audioPlay":false,"sceneViewState":{"showFog":true,"showMaterialUpdate":false,"showSkybox":true,"showFlares":true,"showImageEffects":true,"showParticleSystems":true},"in2DMode":false,"pivot":{"x":-1.0244548320770264e-8,"y":0.4792504906654358,"z":0.029999148100614549},"rotation":{"x":-0.1671331524848938,"y":0.2951788604259491,"z":0.05252551659941673,"w":0.9392427802085877},"size":1.5846220254898072,"orthographic":false}