{"cameraMode":{"drawMode":0,"name":"Shaded","section":"Shading Mode"},"sceneLighting":true,"audioPlay":false,"sceneViewState":{"showFog":true,"showMaterialUpdate":false,"showSkybox":true,"showFlares":true,"showImageEffects":true,"showParticleSystems":true},"in2DMode":false,"pivot":{"x":111.62320709228516,"y":3.8487586975097658,"z":297.2141418457031},"rotation":{"x":-0.0009466581977903843,"y":-0.9366315007209778,"z":0.3503058850765228,"w":-0.0025319408159703018},"size":14.93795394897461,"orthographic":false}